,index,RMSE,MAE,R2
0,ARIMA,31681.87384964069,25291.368531757624,-1.2022933544753522
1,LSTM,21610.07721444525,13735.07142857143,-0.5682699392177282
2,XGBoost,19788.0362430723,15049.642857142857,-0.31496312693968465
3,LinearRegression,17053.767828338026,12685.42857142857,0.023327694735970406
