,index,RMSE,MAE,R2
0,ARIMA,29131.88720851048,22562.41824535869,-0.8620472072172294
1,XGBoost,19788.0362430723,15049.642857142857,-0.31496312693968465
2,LSTM,17172.69573438353,12490.07142857143,0.009658152188167568
3,LinearRegression,17053.767828338026,12685.42857142857,0.023327694735970406
